{
  "IcoMoonType": "selection",
  "icons": [
    {
      "icon": {
        "paths": [
          "M694.857 548.571v-73.143c0-20-16.571-36.571-36.571-36.571h-438.857c-20 0-36.571 16.571-36.571 36.571v73.143c0 20 16.571 36.571 36.571 36.571h438.857c20 0 36.571-16.571 36.571-36.571zM877.714 512c0 242.286-196.571 438.857-438.857 438.857s-438.857-196.571-438.857-438.857 196.571-438.857 438.857-438.857 438.857 196.571 438.857 438.857z"
        ],
        "width": 877.7142857142857,
        "attrs": [],
        "isMulticolor": false,
        "isMulticolor2": false,
        "tags": [
          "minus-circle"
        ],
        "defaultCode": 61526,
        "grid": 14
      },
      "attrs": [],
      "properties": {
        "name": "minus-circle",
        "id": 85,
        "order": 13,
        "prevSize": 28
      },
      "setIdx": 0,
      "setId": 2,
      "iconIdx": 85
    },
    {
      "icon": {
        "paths": [
          "M804.571 420.571v109.714c0 30.286-24.571 54.857-54.857 54.857h-237.714v237.714c0 30.286-24.571 54.857-54.857 54.857h-109.714c-30.286 0-54.857-24.571-54.857-54.857v-237.714h-237.714c-30.286 0-54.857-24.571-54.857-54.857v-109.714c0-30.286 24.571-54.857 54.857-54.857h237.714v-237.714c0-30.286 24.571-54.857 54.857-54.857h109.714c30.286 0 54.857 24.571 54.857 54.857v237.714h237.714c30.286 0 54.857 24.571 54.857 54.857z"
        ],
        "width": 804.5714285714286,
        "attrs": [],
        "isMulticolor": false,
        "isMulticolor2": false,
        "tags": [
          "plus"
        ],
        "defaultCode": 61543,
        "grid": 14
      },
      "attrs": [],
      "properties": {
        "name": "plus",
        "id": 0,
        "order": 8,
        "prevSize": 28
      },
      "setIdx": 0,
      "setId": 3,
      "iconIdx": 0
    },
    {
      "icon": {
        "paths": [
          "M804.571 420.571v109.714c0 30.286-24.571 54.857-54.857 54.857h-694.857c-30.286 0-54.857-24.571-54.857-54.857v-109.714c0-30.286 24.571-54.857 54.857-54.857h694.857c30.286 0 54.857 24.571 54.857 54.857z"
        ],
        "width": 804.5714285714286,
        "attrs": [],
        "isMulticolor": false,
        "isMulticolor2": false,
        "tags": [
          "minus"
        ],
        "defaultCode": 61544,
        "grid": 14
      },
      "attrs": [],
      "properties": {
        "name": "minus",
        "id": 1,
        "order": 9,
        "prevSize": 28
      },
      "setIdx": 0,
      "setId": 3,
      "iconIdx": 1
    },
    {
      "icon": {
        "paths": [
          "M863.429 603.429c0 1.143 0 2.857-0.571 4-48.571 202.286-215.429 343.429-426.286 343.429-111.429 0-219.429-44-300.571-121.143l-73.714 73.714c-6.857 6.857-16 10.857-25.714 10.857-20 0-36.571-16.571-36.571-36.571v-256c0-20 16.571-36.571 36.571-36.571h256c20 0 36.571 16.571 36.571 36.571 0 9.714-4 18.857-10.857 25.714l-78.286 78.286c53.714 50.286 125.143 78.857 198.857 78.857 101.714 0 196-52.571 249.143-139.429 13.714-22.286 20.571-44 30.286-66.857 2.857-8 8.571-13.143 17.143-13.143h109.714c10.286 0 18.286 8.571 18.286 18.286zM877.714 146.286v256c0 20-16.571 36.571-36.571 36.571h-256c-20 0-36.571-16.571-36.571-36.571 0-9.714 4-18.857 10.857-25.714l78.857-78.857c-54.286-50.286-125.714-78.286-199.429-78.286-101.714 0-196 52.571-249.143 139.429-13.714 22.286-20.571 44-30.286 66.857-2.857 8-8.571 13.143-17.143 13.143h-113.714c-10.286 0-18.286-8.571-18.286-18.286v-4c49.143-202.857 217.714-343.429 428.571-343.429 112 0 221.143 44.571 302.286 121.143l74.286-73.714c6.857-6.857 16-10.857 25.714-10.857 20 0 36.571 16.571 36.571 36.571z"
        ],
        "width": 877.7142857142857,
        "attrs": [],
        "isMulticolor": false,
        "isMulticolor2": false,
        "tags": [
          "refresh"
        ],
        "defaultCode": 61473,
        "grid": 14
      },
      "attrs": [],
      "properties": {
        "name": "refresh",
        "id": 2,
        "order": 5,
        "prevSize": 28
      },
      "setIdx": 0,
      "setId": 3,
      "iconIdx": 2
    },
    {
      "icon": {
        "paths": [
          "M936.571 273.143c14.286 20.571 18.286 47.429 10.286 73.714l-157.143 517.714c-14.286 48.571-64.571 86.286-113.714 86.286h-527.429c-58.286 0-120.571-46.286-141.714-105.714-9.143-25.714-9.143-50.857-1.143-72.571 1.143-11.429 3.429-22.857 4-36.571 0.571-9.143-4.571-16.571-3.429-23.429 2.286-13.714 14.286-23.429 23.429-38.857 17.143-28.571 36.571-74.857 42.857-104.571 2.857-10.857-2.857-23.429 0-33.143 2.857-10.857 13.714-18.857 19.429-29.143 15.429-26.286 35.429-77.143 38.286-104 1.143-12-4.571-25.143-1.143-34.286 4-13.143 16.571-18.857 25.143-30.286 13.714-18.857 36.571-73.143 40-103.429 1.143-9.714-4.571-19.429-2.857-29.714 2.286-10.857 16-22.286 25.143-35.429 24-35.429 28.571-113.714 101.143-93.143l-0.571 1.714c9.714-2.286 19.429-5.143 29.143-5.143h434.857c26.857 0 50.857 12 65.143 32 14.857 20.571 18.286 47.429 10.286 74.286l-156.571 517.714c-26.857 88-41.714 107.429-114.286 107.429h-496.571c-7.429 0-16.571 1.714-21.714 8.571-4.571 6.857-5.143 12-0.571 24.571 11.429 33.143 50.857 40 82.286 40h527.429c21.143 0 45.714-12 52-32.571l171.429-564c3.429-10.857 3.429-22.286 2.857-32.571 13.143 5.143 25.143 13.143 33.714 24.571zM328.571 274.286c-3.429 10.286 2.286 18.286 12.571 18.286h347.429c9.714 0 20.571-8 24-18.286l12-36.571c3.429-10.286-2.286-18.286-12.571-18.286h-347.429c-9.714 0-20.571 8-24 18.286zM281.143 420.571c-3.429 10.286 2.286 18.286 12.571 18.286h347.429c9.714 0 20.571-8 24-18.286l12-36.571c3.429-10.286-2.286-18.286-12.571-18.286h-347.429c-9.714 0-20.571 8-24 18.286z"
        ],
        "width": 952.5394285714285,
        "attrs": [],
        "isMulticolor": false,
        "isMulticolor2": false,
        "tags": [
          "book"
        ],
        "defaultCode": 61485,
        "grid": 14
      },
      "attrs": [],
      "properties": {
        "name": "book",
        "id": 3,
        "order": 10,
        "prevSize": 28
      },
      "setIdx": 0,
      "setId": 3,
      "iconIdx": 3
    },
    {
      "icon": {
        "paths": [
          "M669.143 172l-303.429 303.429 303.429 303.429c14.286 14.286 14.286 37.143 0 51.429l-94.857 94.857c-14.286 14.286-37.143 14.286-51.429 0l-424-424c-14.286-14.286-14.286-37.143 0-51.429l424-424c14.286-14.286 37.143-14.286 51.429 0l94.857 94.857c14.286 14.286 14.286 37.143 0 51.429z"
        ],
        "width": 768,
        "attrs": [],
        "isMulticolor": false,
        "isMulticolor2": false,
        "tags": [
          "chevron-left"
        ],
        "defaultCode": 61523,
        "grid": 14
      },
      "attrs": [],
      "properties": {
        "name": "chevron-left",
        "id": 4,
        "order": 4,
        "prevSize": 28
      },
      "setIdx": 0,
      "setId": 3,
      "iconIdx": 4
    },
    {
      "icon": {
        "paths": [
          "M694.857 548.571v-73.143c0-20-16.571-36.571-36.571-36.571h-146.286v-146.286c0-20-16.571-36.571-36.571-36.571h-73.143c-20 0-36.571 16.571-36.571 36.571v146.286h-146.286c-20 0-36.571 16.571-36.571 36.571v73.143c0 20 16.571 36.571 36.571 36.571h146.286v146.286c0 20 16.571 36.571 36.571 36.571h73.143c20 0 36.571-16.571 36.571-36.571v-146.286h146.286c20 0 36.571-16.571 36.571-36.571zM877.714 512c0 242.286-196.571 438.857-438.857 438.857s-438.857-196.571-438.857-438.857 196.571-438.857 438.857-438.857 438.857 196.571 438.857 438.857z"
        ],
        "width": 877.7142857142857,
        "attrs": [],
        "isMulticolor": false,
        "isMulticolor2": false,
        "tags": [
          "plus-circle"
        ],
        "defaultCode": 61525,
        "grid": 14
      },
      "attrs": [],
      "properties": {
        "name": "plus-circle",
        "id": 5,
        "order": 2,
        "prevSize": 28
      },
      "setIdx": 0,
      "setId": 3,